-- -------------------------------
-- tables initialization
-- -------------------------------
use db_travel_on_rail;

-- -------------------------------
-- tb_office
-- -------------------------------
INSERT INTO tb_office (station_name, city_name)
VALUES
	('山海关', '山海关'),
	('青县', '青县'),
	('南京', '南京'),
	('岳阳', '岳阳'),
	('武昌', '武汉'),
	('汉口', '武汉'),
	('武汉', '武汉'),
	('深圳北', '深圳'),
	('深圳', '深圳'),
	('深圳西', '深圳'),
	('深圳东', '深圳'),
	('济南', '济南'),
	('郑州东', '郑州'),
	('郑州', '郑州'),
	('天津', '天津'),
	('天津西' ,'天津'),
	('塘沽', '天津'),
	('黄山', '黄山'),
	('沈阳北','沈阳'),
    ('徐州','徐州'),
    ('向塘','南昌'),
    ('保定','保定');
    
-- -------------------------------
-- tb_train_log
-- -------------------------------
INSERT INTO tb_train_log (train_name,  station_name, dept_time, km_mark, arr_time, city_id)
VALUES
	('Z13', '山海关', '2020-07-03 11:13', 388,  '2020-07-03 11:07', 1),
	('1461', '青县',  '2021-01-11 14:45', 232, '2021-01-11 14:42', 2),
	('K25', '南京',  '2021-01-12 15:40', 0, null, 3),
	('T124', '岳阳',  '2021-01-12 02:33', 854, '2021-01-12 02:37', 4),
	('Z13','沈阳北','2021-01-12 06:53', 0, null, 19),
	('Z13','山海关','2021-01-12 11:13', 388, '2021-01-12 11:07', 1),
	('1461','徐州', '2021-01-12 22:57', 814, '2021-01-12 22:38',20),
	('1461','南京','2021-01-13 03:04', 1162, '2021-01-13 02:56',3),
	('1461','济南','2021-01-12 18:26', 495, '2021-01-12 18:19', 12),
	('K25','黄山', '2021-01-12 21:28', 371,'2021-01-12 21:25',18),
	('T124','郑州','2021-01-12 11:28',1605,'2021-01-12 10:52',14),
	('T124','保定','2021-01-12 17:07',2148,'2021-01-12 17:01',22),
	('K25','向塘','2021-01-13 04:46',812,'2021-01-13 04:28',21),
	('T124','山海关','2021-01-12 23:01',2633,'2021-01-12 22:53',1),
	('T124','沈阳北','2021-01-13 04:00',3021,'2021-01-13 03:27',19),
	('K25','深圳',null, 1707, '2021-01-13 16:30',9);
    
-- -------------------------------
-- tb_tickets
-- -------------------------------
INSERT INTO tb_tickets (train_id, train_name, valid_volume, cabin_type)
VALUES
	(1, 'Z13', 13, 'YZ'),
	(1, 'Z13', 0, 'YW'),
	(2, '1461', 1, 'YZ'),
	(2, '1461', 20, 'YW'),
	(3, 'K25', 480, 'YZ'),
	(3, 'K25', 480, 'YZ'),
	(4, 'T124', 600, 'YZ'),
	(4, 'T124', 400, 'YW'),
	(5,'Z13',1200,'YW'),
	(5,'Z13',800,'YZ'),
	(6,'Z13',1020,'YW'),
	(6,'Z13',500,'YZ'),
	(7,'1461',400,'YW'),
	(7,'1461',300,'YZ'),
	(8,'1461',10,'YW'),
	(8,'1461',10,'YZ'),
	(9,'1461',2,'YW'),
	(10,'K25',0,'YW'),
	(11,'T124',1,'YW'),
	(11,'T124',4,'YZ'),
	(12,'T124',200,'YW'),
	(12,'T124',200,'YZ'),
	(13,'K25',300,'YW'),
	(13,'K25',300,'YZ'),
	(8,'1461', 20,'YW'),
	(9,'1461', 30,'YZ'),
	(10,'K25',10,'YZ'),
	(14,'T124',50,'YW'),
	(14,'T124',100,'YZ'),
	(15,'T124',30,'YW'),
	(15,'T124',20,'YZ'),
	(16,'K25',40,'YW'),
	(16,'K25',50,'YZ');
    
-- -------------------------------
-- tb_orders
-- -------------------------------
INSERT INTO tb_orders (train_name, dept_station, arr_station, dept_time, arr_time, ticket_id)
VALUES
	('Z13', '山海关', '郑州', '2020-07-03 11:13', '2020-07-03 21:44', 1),
	('1461', '青县', '磁窑', '2021-01-11 14:45', '2021-01-11 19:47', 3);

-- -------------------------------
-- tb_user_account
-- -------------------------------
INSERT INTO tb_user_account (name, age, user_name, passwd, identity_code, balance, created_at, created_ip)
VALUES 
	('admin', null, 'admin', ' e10adc3949ba59abbe56e057f20f883e', null, null, '2000-01-01 01:01:01', 8801),
	('张朝阳', 18, 'chaoyang', 'c27f0bf307fc485f7cc63987a908f6ee', '0101010101', 100.00, '2020-06-01 08:08:08', 32767),
	('叶颖', 25, 'yy','2fb1c5cf58867b5bbc9a1b145a86f3a0','1010010111', 200.22, '2020-06-19 10:08:08', 54321),
	('李征明', 40, 'zming','680dde7c640aaeb2d8d8573e84d3982a','0111100100', 8.21, '2020-06-22 11:31:31', 765483),
	('黄冶东', 31, 'yort','64023f770a3be2911ea6f369ee00cf6f','1000001101', -3.20, '2021-01-03 14:20:03', 117283);

-- -------------------------------
-- tb_user_orders
-- -------------------------------
INSERT INTO tb_user_orders (user_code, order_status, created_at, order_id)
VALUES
	(1, 1, '2020-06-30 20:00:00', 1),
	(2, 0, '2021-01-10 16:14:23', 2);


